{"name":"Technology Meets Nature","viewer":{"rendering":{"background":[0.984313725490196,0.803921568627451,0.29411764705882354,1],"meshColor":[0.6392156862745098,0.6470588235294118,0.6,1]},"grid":{"color":[0.11764705882352941,0,0,1],"subColor":[0.3607843137254902,0.5607843137254902,0.13333333333333333,1]}},"mainTextColor":[0.11764705882352941,0,0,1],"secondaryTextColor":"#000000"}