{"name":"Nightlife","viewer":{"rendering":{"background":[0,0.8117647058823529,0.9803921568627451,1],"meshColor":[1,0,0.2196078431372549,1]},"grid":{"color":[0.9764705882352941,0.8627450980392157,0.1411764705882353,1],"subColor":[0.00784313725490196,0.0196078431372549,0.03529411764705882,1]}},"mainTextColor":[0.9764705882352941,0.8627450980392157,0.1411764705882353,1],"secondaryTextColor":"#000000"}