{"name":"Candy-coated Brights","viewer":{"rendering":{"background":[0.9215686274509803,0.5411764705882353,0.26666666666666666,1],"meshColor":[0.8823529411764706,0.19215686274509805,0.34509803921568627,1]},"grid":{"color":[1,0.9254901960784314,0.3607843137254902,1],"subColor":[0,0.5529411764705883,0.796078431372549,1]}},"mainTextColor":[1,0.9254901960784314,0.3607843137254902,1],"secondaryTextColor":"#000000"}