{"name":"Modern & Urban","viewer":{"rendering":{"background":[0.9764705882352941,0.7294117647058823,0.19607843137254902,1],"meshColor":[0.25882352941176473,0.43137254901960786,0.5254901960784314,1]},"grid":{"color":[0.9725490196078431,0.9450980392156862,0.8980392156862745,1],"subColor":[0.1843137254901961,0.19215686274509805,0.19215686274509805,1]}},"mainTextColor":[0.9725490196078431,0.9450980392156862,0.8980392156862745,1],"secondaryTextColor":"#000000"}