{"name":"Golden Afternoon","viewer":{"rendering":{"background":[0.5333333333333333,0.1411764705882353,0.14901960784313725,1],"meshColor":[0.803921568627451,0.7450980392156863,0.6549019607843137,1]},"grid":{"color":[0.19607843137254902,0.18823529411764706,0.18823529411764706,1],"subColor":[0.7607843137254902,0.5843137254901961,0.27058823529411763,1]}},"mainTextColor":[0.19607843137254902,0.18823529411764706,0.18823529411764706,1],"secondaryTextColor":"#000000"}